,Count,File(ID)
1:13555593:13558329,7,precise_combined_BTA133_S9_R_SV(DEL00000045);precise_combined_BTA131_S7_R_SV(DEL00000037);precise_combined_BTA126_S2_R_SV(DEL00000034);precise_combined_BTA129_S5_R_SV(DEL00000030);precise_combined_BTA128_S4_R_SV(DEL00000054);precise_combined_BTA127_S3_R_SV(DEL00000039);precise_combined_BTA130_S6_R_SV(DEL00000046)
1:28139439:28139469,7,precise_combined_BTA133_S9_R_SV(DEL00000084);precise_combined_BTA131_S7_R_SV(DEL00000081);precise_combined_BTA126_S2_R_SV(DEL00000081);precise_combined_BTA128_S4_R_SV(DEL00000095);precise_combined_BTA127_S3_R_SV(DEL00000078);precise_combined_BTA130_S6_R_SV(DEL00000088);precise_combined_BTA125_S1_R_SV(DEL00000082)
1:37542376:37542408,7,precise_combined_BTA133_S9_R_SV(DEL00000113);precise_combined_BTA131_S7_R_SV(DEL00000117);precise_combined_BTA126_S2_R_SV(DEL00000115);precise_combined_BTA128_S4_R_SV(DEL00000124);precise_combined_BTA127_S3_R_SV(DEL00000104);precise_combined_BTA130_S6_R_SV(DEL00000114);precise_combined_BTA132_S8_R_SV(DEL00000094)
1:98338589:98338685,7,precise_combined_BTA133_S9_R_SV(DEL00000214);precise_combined_BTA131_S7_R_SV(DEL00000235);precise_combined_BTA126_S2_R_SV(DEL00000235);precise_combined_BTA129_S5_R_SV(DEL00000174);precise_combined_BTA128_S4_R_SV(DEL00000236);precise_combined_BTA127_S3_R_SV(DEL00000216);precise_combined_BTA130_S6_R_SV(DEL00000238)
2:12311547:12311874,7,precise_combined_BTA133_S9_R_SV(DEL00000341);precise_combined_BTA131_S7_R_SV(DEL00000388);precise_combined_BTA126_S2_R_SV(DEL00000376);precise_combined_BTA129_S5_R_SV(DEL00000276);precise_combined_BTA128_S4_R_SV(DEL00000370);precise_combined_BTA130_S6_R_SV(DEL00000395);precise_combined_BTA125_S1_R_SV(DEL00000356)
2:24571320:24572017,7,precise_combined_BTA133_S9_R_SV(DEL00000361);precise_combined_BTA131_S7_R_SV(DEL00000410);precise_combined_BTA126_S2_R_SV(DEL00000396);precise_combined_BTA128_S4_R_SV(DEL00000394);precise_combined_BTA127_S3_R_SV(DEL00000344);precise_combined_BTA130_S6_R_SV(DEL00000415);precise_combined_BTA132_S8_R_SV(DEL00000323)
2:46178582:46179810,7,precise_combined_BTA133_S9_R_SV(DEL00000389);precise_combined_BTA131_S7_R_SV(DEL00000453);precise_combined_BTA126_S2_R_SV(DEL00000431);precise_combined_BTA129_S5_R_SV(DEL00000317);precise_combined_BTA127_S3_R_SV(DEL00000380);precise_combined_BTA130_S6_R_SV(DEL00000458);precise_combined_BTA132_S8_R_SV(DEL00000366)
3:44170963:44171014,8,precise_combined_BTA133_S9_R_SV(DEL00000670);precise_combined_BTA131_S7_R_SV(DEL00000785);precise_combined_BTA126_S2_R_SV(DEL00000792);precise_combined_BTA129_S5_R_SV(DEL00000595);precise_combined_BTA128_S4_R_SV(DEL00000778);precise_combined_BTA130_S6_R_SV(DEL00000809);precise_combined_BTA132_S8_R_SV(DEL00000635);precise_combined_BTA125_S1_R_SV(DEL00000734)
3:49087903:49090087,8,precise_combined_BTA133_S9_R_SV(DEL00000681);precise_combined_BTA131_S7_R_SV(DEL00000794);precise_combined_BTA126_S2_R_SV(DEL00000800);precise_combined_BTA129_S5_R_SV(DEL00000606);precise_combined_BTA127_S3_R_SV(DEL00000700);precise_combined_BTA130_S6_R_SV(DEL00000819);precise_combined_BTA132_S8_R_SV(DEL00000643);precise_combined_BTA125_S1_R_SV(DEL00000743)
3:53962675:53971240,7,precise_combined_BTA133_S9_R_SV(DEL00000688);precise_combined_BTA126_S2_R_SV(DEL00000810);precise_combined_BTA129_S5_R_SV(DEL00000613);precise_combined_BTA128_S4_R_SV(DEL00000798);precise_combined_BTA127_S3_R_SV(DEL00000706);precise_combined_BTA130_S6_R_SV(DEL00000826);precise_combined_BTA132_S8_R_SV(DEL00000647)
4:17971438:17971681,7,precise_combined_BTA133_S9_R_SV(DEL00000838);precise_combined_BTA129_S5_R_SV(DEL00000745);precise_combined_BTA128_S4_R_SV(DEL00000966);precise_combined_BTA127_S3_R_SV(DEL00000830);precise_combined_BTA130_S6_R_SV(DEL00001010);precise_combined_BTA132_S8_R_SV(DEL00000775);precise_combined_BTA125_S1_R_SV(DEL00000884)
4:21216072:21216665,7,precise_combined_BTA133_S9_R_SV(DEL00000846);precise_combined_BTA131_S7_R_SV(DEL00000977);precise_combined_BTA126_S2_R_SV(DEL00000983);precise_combined_BTA129_S5_R_SV(DEL00000753);precise_combined_BTA127_S3_R_SV(DEL00000835);precise_combined_BTA132_S8_R_SV(DEL00000784);precise_combined_BTA125_S1_R_SV(DEL00000894)
4:25493686:25494139,7,precise_combined_BTA133_S9_R_SV(DEL00000850);precise_combined_BTA131_S7_R_SV(DEL00000981);precise_combined_BTA126_S2_R_SV(DEL00000988);precise_combined_BTA129_S5_R_SV(DEL00000755);precise_combined_BTA128_S4_R_SV(DEL00000985);precise_combined_BTA127_S3_R_SV(DEL00000840);precise_combined_BTA125_S1_R_SV(DEL00000901)
4:99595097:99595127,7,precise_combined_BTA133_S9_R_SV(DEL00000974);precise_combined_BTA126_S2_R_SV(DEL00001117);precise_combined_BTA129_S5_R_SV(DEL00000865);precise_combined_BTA128_S4_R_SV(DEL00001131);precise_combined_BTA127_S3_R_SV(DEL00000956);precise_combined_BTA130_S6_R_SV(DEL00001182);precise_combined_BTA125_S1_R_SV(DEL00001027)
4:105600714:105600861,7,precise_combined_BTA133_S9_R_SV(DEL00000986);precise_combined_BTA131_S7_R_SV(DEL00001104);precise_combined_BTA126_S2_R_SV(DEL00001135);precise_combined_BTA128_S4_R_SV(DEL00001141);precise_combined_BTA127_S3_R_SV(DEL00000966);precise_combined_BTA130_S6_R_SV(DEL00001192);precise_combined_BTA125_S1_R_SV(DEL00001045)
5:1473612:1474060,7,precise_combined_BTA133_S9_R_SV(DEL00001061);precise_combined_BTA131_S7_R_SV(DEL00001181);precise_combined_BTA126_S2_R_SV(DEL00001309);precise_combined_BTA129_S5_R_SV(DEL00000931);precise_combined_BTA130_S6_R_SV(DEL00001371);precise_combined_BTA132_S8_R_SV(DEL00000980);precise_combined_BTA125_S1_R_SV(DEL00001197)
5:13368411:13368498,7,precise_combined_BTA133_S9_R_SV(DEL00001101);precise_combined_BTA131_S7_R_SV(DEL00001219);precise_combined_BTA126_S2_R_SV(DEL00001355);precise_combined_BTA128_S4_R_SV(DEL00001345);precise_combined_BTA130_S6_R_SV(DEL00001422);precise_combined_BTA132_S8_R_SV(DEL00001011);precise_combined_BTA125_S1_R_SV(DEL00001232)
5:26562244:26562275,9,precise_combined_BTA133_S9_R_SV(DEL00001133);precise_combined_BTA131_S7_R_SV(DEL00001247);precise_combined_BTA126_S2_R_SV(DEL00001383);precise_combined_BTA129_S5_R_SV(DEL00001012);precise_combined_BTA128_S4_R_SV(DEL00001381);precise_combined_BTA127_S3_R_SV(DEL00001073);precise_combined_BTA130_S6_R_SV(DEL00001457);precise_combined_BTA132_S8_R_SV(DEL00001036);precise_combined_BTA125_S1_R_SV(DEL00001254)
6:3231853:3232048,7,precise_combined_BTA133_S9_R_SV(DEL00001369);precise_combined_BTA126_S2_R_SV(DEL00001709);precise_combined_BTA128_S4_R_SV(DEL00001690);precise_combined_BTA127_S3_R_SV(DEL00001352);precise_combined_BTA130_S6_R_SV(DEL00001727);precise_combined_BTA132_S8_R_SV(DEL00001260);precise_combined_BTA125_S1_R_SV(DEL00001562)
6:5432986:5800660,9,precise_combined_BTA133_S9_R_SV(DUP00001376);precise_combined_BTA131_S7_R_SV(DUP00001560);precise_combined_BTA126_S2_R_SV(DUP00001719);precise_combined_BTA129_S5_R_SV(DUP00001280);precise_combined_BTA128_S4_R_SV(DUP00001697);precise_combined_BTA127_S3_R_SV(DUP00001361);precise_combined_BTA130_S6_R_SV(DUP00001735);precise_combined_BTA132_S8_R_SV(DUP00001267);precise_combined_BTA125_S1_R_SV(DUP00001569)
6:5785937:5785938,9,precise_combined_BTA133_S9_R_SV(BND00001379);precise_combined_BTA131_S7_R_SV(BND00001565);precise_combined_BTA126_S2_R_SV(BND00001722);precise_combined_BTA129_S5_R_SV(BND00001285);precise_combined_BTA128_S4_R_SV(BND00001702);precise_combined_BTA127_S3_R_SV(BND00001366);precise_combined_BTA130_S6_R_SV(BND00001739);precise_combined_BTA132_S8_R_SV(BND00001270);precise_combined_BTA125_S1_R_SV(BND00001572)
6:53100595:53100722,8,precise_combined_BTA133_S9_R_SV(DEL00001502);precise_combined_BTA131_S7_R_SV(DEL00001687);precise_combined_BTA126_S2_R_SV(DEL00001875);precise_combined_BTA129_S5_R_SV(DEL00001406);precise_combined_BTA128_S4_R_SV(DEL00001839);precise_combined_BTA127_S3_R_SV(DEL00001492);precise_combined_BTA130_S6_R_SV(DEL00001897);precise_combined_BTA132_S8_R_SV(DEL00001375)
6:62422829:62422909,7,precise_combined_BTA133_S9_R_SV(DEL00001521);precise_combined_BTA131_S7_R_SV(DEL00001706);precise_combined_BTA129_S5_R_SV(DEL00001424);precise_combined_BTA128_S4_R_SV(DEL00001869);precise_combined_BTA127_S3_R_SV(DEL00001517);precise_combined_BTA130_S6_R_SV(DEL00001925);precise_combined_BTA132_S8_R_SV(DEL00001388)
6:76085734:76088158,7,precise_combined_BTA133_S9_R_SV(DEL00001549);precise_combined_BTA131_S7_R_SV(DEL00001746);precise_combined_BTA126_S2_R_SV(DEL00001944);precise_combined_BTA128_S4_R_SV(DEL00001914);precise_combined_BTA127_S3_R_SV(DEL00001554);precise_combined_BTA130_S6_R_SV(DEL00001970);precise_combined_BTA125_S1_R_SV(DEL00001760)
6:86949653:86961428,7,precise_combined_BTA133_S9_R_SV(DUP00001580);precise_combined_BTA131_S7_R_SV(DUP00001785);precise_combined_BTA126_S2_R_SV(DUP00001977);precise_combined_BTA128_S4_R_SV(DUP00001946);precise_combined_BTA127_S3_R_SV(DUP00001582);precise_combined_BTA130_S6_R_SV(DUP00002009);precise_combined_BTA125_S1_R_SV(DUP00001803)
6:103591127:103591433,7,precise_combined_BTA133_S9_R_SV(DEL00001606);precise_combined_BTA131_S7_R_SV(DEL00001817);precise_combined_BTA126_S2_R_SV(DEL00002013);precise_combined_BTA129_S5_R_SV(DEL00001508);precise_combined_BTA128_S4_R_SV(DEL00001972);precise_combined_BTA130_S6_R_SV(DEL00002043);precise_combined_BTA132_S8_R_SV(DEL00001468)
6:109018670:109018671,9,precise_combined_BTA133_S9_R_SV(BND00001620);precise_combined_BTA131_S7_R_SV(BND00001829);precise_combined_BTA126_S2_R_SV(BND00002028);precise_combined_BTA129_S5_R_SV(BND00001519);precise_combined_BTA128_S4_R_SV(BND00001993);precise_combined_BTA127_S3_R_SV(BND00001635);precise_combined_BTA130_S6_R_SV(BND00002058);precise_combined_BTA132_S8_R_SV(BND00001477);precise_combined_BTA125_S1_R_SV(BND00001849)
8:34789057:34789058,9,precise_combined_BTA133_S9_R_SV(BND00001995);precise_combined_BTA131_S7_R_SV(BND00002249);precise_combined_BTA126_S2_R_SV(BND00002449);precise_combined_BTA129_S5_R_SV(BND00001885);precise_combined_BTA128_S4_R_SV(BND00002453);precise_combined_BTA127_S3_R_SV(BND00001971);precise_combined_BTA130_S6_R_SV(BND00002506);precise_combined_BTA132_S8_R_SV(BND00001769);precise_combined_BTA125_S1_R_SV(BND00002228)
8:58259080:58259431,7,precise_combined_BTA133_S9_R_SV(DEL00002031);precise_combined_BTA131_S7_R_SV(DEL00002293);precise_combined_BTA126_S2_R_SV(DEL00002490);precise_combined_BTA129_S5_R_SV(DEL00001923);precise_combined_BTA128_S4_R_SV(DEL00002503);precise_combined_BTA132_S8_R_SV(DEL00001814);precise_combined_BTA125_S1_R_SV(DEL00002271)
8:94099309:94099390,7,precise_combined_BTA133_S9_R_SV(DEL00002119);precise_combined_BTA126_S2_R_SV(DEL00002572);precise_combined_BTA129_S5_R_SV(DEL00001992);precise_combined_BTA128_S4_R_SV(DEL00002606);precise_combined_BTA130_S6_R_SV(DEL00002640);precise_combined_BTA132_S8_R_SV(DEL00001883);precise_combined_BTA125_S1_R_SV(DEL00002339)
8:95162922:95163555,7,precise_combined_BTA133_S9_R_SV(DEL00002121);precise_combined_BTA126_S2_R_SV(DEL00002575);precise_combined_BTA128_S4_R_SV(DEL00002614);precise_combined_BTA127_S3_R_SV(DEL00002094);precise_combined_BTA130_S6_R_SV(DEL00002644);precise_combined_BTA132_S8_R_SV(DEL00001888);precise_combined_BTA125_S1_R_SV(DEL00002344)
8:112979134:112979135,8,precise_combined_BTA133_S9_R_SV(BND00002151);precise_combined_BTA131_S7_R_SV(BND00002430);precise_combined_BTA126_S2_R_SV(BND00002603);precise_combined_BTA129_S5_R_SV(BND00002017);precise_combined_BTA128_S4_R_SV(BND00002643);precise_combined_BTA130_S6_R_SV(BND00002675);precise_combined_BTA132_S8_R_SV(BND00001909);precise_combined_BTA125_S1_R_SV(BND00002372)
9:10814022:10815403,7,precise_combined_BTA133_S9_R_SV(DEL00002193);precise_combined_BTA131_S7_R_SV(DEL00002472);precise_combined_BTA126_S2_R_SV(DEL00002637);precise_combined_BTA129_S5_R_SV(DEL00002063);precise_combined_BTA128_S4_R_SV(DEL00002695);precise_combined_BTA132_S8_R_SV(DEL00001950);precise_combined_BTA125_S1_R_SV(DEL00002416)
9:78681879:78681915,8,precise_combined_BTA133_S9_R_SV(DEL00002318);precise_combined_BTA131_S7_R_SV(DEL00002612);precise_combined_BTA129_S5_R_SV(DEL00002194);precise_combined_BTA128_S4_R_SV(DEL00002834);precise_combined_BTA127_S3_R_SV(DEL00002265);precise_combined_BTA130_S6_R_SV(DEL00002877);precise_combined_BTA132_S8_R_SV(DEL00002085);precise_combined_BTA125_S1_R_SV(DEL00002558)
10:6128674:6128815,7,precise_combined_BTA133_S9_R_SV(DEL00002385);precise_combined_BTA131_S7_R_SV(DEL00002690);precise_combined_BTA126_S2_R_SV(DEL00002861);precise_combined_BTA129_S5_R_SV(DEL00002262);precise_combined_BTA128_S4_R_SV(DEL00002928);precise_combined_BTA127_S3_R_SV(DEL00002339);precise_combined_BTA130_S6_R_SV(DEL00002950)
10:46280739:46280861,7,precise_combined_BTA133_S9_R_SV(DEL00002648);precise_combined_BTA131_S7_R_SV(DEL00002970);precise_combined_BTA126_S2_R_SV(DEL00003178);precise_combined_BTA129_S5_R_SV(DEL00002471);precise_combined_BTA128_S4_R_SV(DEL00003222);precise_combined_BTA127_S3_R_SV(DEL00002565);precise_combined_BTA132_S8_R_SV(DEL00002369)
10:98413240:98415331,7,precise_combined_BTA133_S9_R_SV(DEL00002739);precise_combined_BTA126_S2_R_SV(DEL00003284);precise_combined_BTA129_S5_R_SV(DEL00002563);precise_combined_BTA128_S4_R_SV(DEL00003355);precise_combined_BTA127_S3_R_SV(DEL00002657);precise_combined_BTA130_S6_R_SV(DEL00003319);precise_combined_BTA132_S8_R_SV(DEL00002453)
10:101089071:101089101,7,precise_combined_BTA133_S9_R_SV(DEL00002746);precise_combined_BTA131_S7_R_SV(DEL00003092);precise_combined_BTA126_S2_R_SV(DEL00003291);precise_combined_BTA129_S5_R_SV(DEL00002572);precise_combined_BTA128_S4_R_SV(DEL00003365);precise_combined_BTA130_S6_R_SV(DEL00003333);precise_combined_BTA132_S8_R_SV(DEL00002457)
11:5456576:5456577,9,precise_combined_BTA133_S9_R_SV(BND00002769);precise_combined_BTA131_S7_R_SV(BND00003118);precise_combined_BTA126_S2_R_SV(BND00003310);precise_combined_BTA129_S5_R_SV(BND00002598);precise_combined_BTA128_S4_R_SV(BND00003395);precise_combined_BTA127_S3_R_SV(BND00002685);precise_combined_BTA130_S6_R_SV(BND00003359);precise_combined_BTA132_S8_R_SV(BND00002479);precise_combined_BTA125_S1_R_SV(BND00002982)
11:14122693:14122694,7,precise_combined_BTA133_S9_R_SV(BND00002792);precise_combined_BTA131_S7_R_SV(BND00003158);precise_combined_BTA126_S2_R_SV(BND00003344);precise_combined_BTA129_S5_R_SV(BND00002616);precise_combined_BTA128_S4_R_SV(BND00003425);precise_combined_BTA127_S3_R_SV(BND00002702);precise_combined_BTA132_S8_R_SV(BND00002501)
13:345215:345243,9,precise_combined_BTA133_S9_R_SV(DEL00003237);precise_combined_BTA131_S7_R_SV(DEL00003641);precise_combined_BTA126_S2_R_SV(DEL00003859);precise_combined_BTA129_S5_R_SV(DEL00003034);precise_combined_BTA128_S4_R_SV(DEL00003940);precise_combined_BTA127_S3_R_SV(DEL00003133);precise_combined_BTA130_S6_R_SV(DEL00003937);precise_combined_BTA132_S8_R_SV(DEL00002936);precise_combined_BTA125_S1_R_SV(DEL00003486)
13:1282619:1283801,7,precise_combined_BTA133_S9_R_SV(DEL00003241);precise_combined_BTA129_S5_R_SV(DEL00003039);precise_combined_BTA128_S4_R_SV(DEL00003944);precise_combined_BTA127_S3_R_SV(DEL00003140);precise_combined_BTA130_S6_R_SV(DEL00003942);precise_combined_BTA132_S8_R_SV(DEL00002943);precise_combined_BTA125_S1_R_SV(DEL00003491)
14:18761533:18761568,7,precise_combined_BTA133_S9_R_SV(DEL00003434);precise_combined_BTA126_S2_R_SV(DEL00004085);precise_combined_BTA129_S5_R_SV(DEL00003222);precise_combined_BTA128_S4_R_SV(DEL00004182);precise_combined_BTA127_S3_R_SV(DEL00003341);precise_combined_BTA130_S6_R_SV(DEL00004139);precise_combined_BTA132_S8_R_SV(DEL00003102)
14:44549728:44556582,7,precise_combined_BTA133_S9_R_SV(DEL00003493);precise_combined_BTA131_S7_R_SV(DEL00003917);precise_combined_BTA126_S2_R_SV(DEL00004150);precise_combined_BTA129_S5_R_SV(DEL00003273);precise_combined_BTA128_S4_R_SV(DEL00004247);precise_combined_BTA130_S6_R_SV(DEL00004198);precise_combined_BTA125_S1_R_SV(DEL00003756)
14:44712047:44712085,7,precise_combined_BTA133_S9_R_SV(DEL00003495);precise_combined_BTA131_S7_R_SV(DEL00003918);precise_combined_BTA126_S2_R_SV(DEL00004151);precise_combined_BTA128_S4_R_SV(DEL00004250);precise_combined_BTA127_S3_R_SV(DEL00003402);precise_combined_BTA130_S6_R_SV(DEL00004199);precise_combined_BTA125_S1_R_SV(DEL00003759)
14:79016632:79022168,7,precise_combined_BTA133_S9_R_SV(DEL00003597);precise_combined_BTA126_S2_R_SV(DEL00004249);precise_combined_BTA129_S5_R_SV(DEL00003360);precise_combined_BTA128_S4_R_SV(DEL00004350);precise_combined_BTA127_S3_R_SV(DEL00003485);precise_combined_BTA130_S6_R_SV(DEL00004289);precise_combined_BTA132_S8_R_SV(DEL00003220)
15:3040142:3040909,7,precise_combined_BTA133_S9_R_SV(DEL00003631);precise_combined_BTA129_S5_R_SV(DEL00003396);precise_combined_BTA128_S4_R_SV(DEL00004386);precise_combined_BTA127_S3_R_SV(DEL00003516);precise_combined_BTA130_S6_R_SV(DEL00004316);precise_combined_BTA132_S8_R_SV(DEL00003254);precise_combined_BTA125_S1_R_SV(DEL00003880)
15:44809645:44810364,7,precise_combined_BTA133_S9_R_SV(DEL00003716);precise_combined_BTA126_S2_R_SV(DEL00004395);precise_combined_BTA129_S5_R_SV(DEL00003477);precise_combined_BTA128_S4_R_SV(DEL00004504);precise_combined_BTA127_S3_R_SV(DEL00003610);precise_combined_BTA130_S6_R_SV(DEL00004424);precise_combined_BTA132_S8_R_SV(DEL00003337)
16:18454438:18454553,7,precise_combined_BTA133_S9_R_SV(DEL00004027);precise_combined_BTA131_S7_R_SV(DEL00004454);precise_combined_BTA126_S2_R_SV(DEL00004744);precise_combined_BTA128_S4_R_SV(DEL00004829);precise_combined_BTA127_S3_R_SV(DEL00003867);precise_combined_BTA132_S8_R_SV(DEL00003579);precise_combined_BTA125_S1_R_SV(DEL00004266)
16:28162784:28162930,7,precise_combined_BTA133_S9_R_SV(DEL00004053);precise_combined_BTA126_S2_R_SV(DEL00004775);precise_combined_BTA128_S4_R_SV(DEL00004868);precise_combined_BTA127_S3_R_SV(DEL00003889);precise_combined_BTA130_S6_R_SV(DEL00004773);precise_combined_BTA132_S8_R_SV(DEL00003603);precise_combined_BTA125_S1_R_SV(DEL00004295)
17:11298797:11299425,8,precise_combined_BTA133_S9_R_SV(DEL00004171);precise_combined_BTA131_S7_R_SV(DEL00004636);precise_combined_BTA126_S2_R_SV(DEL00004909);precise_combined_BTA129_S5_R_SV(DEL00003894);precise_combined_BTA128_S4_R_SV(DEL00004998);precise_combined_BTA127_S3_R_SV(DEL00004011);precise_combined_BTA130_S6_R_SV(DEL00004912);precise_combined_BTA125_S1_R_SV(DEL00004431)
17:20280260:20280451,7,precise_combined_BTA133_S9_R_SV(DEL00004191);precise_combined_BTA131_S7_R_SV(DEL00004664);precise_combined_BTA129_S5_R_SV(DEL00003908);precise_combined_BTA128_S4_R_SV(DEL00005019);precise_combined_BTA127_S3_R_SV(DEL00004028);precise_combined_BTA132_S8_R_SV(DEL00003727);precise_combined_BTA125_S1_R_SV(DEL00004458)
17:31142259:31142321,7,precise_combined_BTA133_S9_R_SV(DEL00004229);precise_combined_BTA126_S2_R_SV(DEL00004968);precise_combined_BTA128_S4_R_SV(DEL00005064);precise_combined_BTA127_S3_R_SV(DEL00004061);precise_combined_BTA130_S6_R_SV(DEL00004992);precise_combined_BTA132_S8_R_SV(DEL00003768);precise_combined_BTA125_S1_R_SV(DEL00004504)
17:68179466:68179861,7,precise_combined_BTA133_S9_R_SV(DEL00004302);precise_combined_BTA131_S7_R_SV(DEL00004804);precise_combined_BTA126_S2_R_SV(DEL00005062);precise_combined_BTA129_S5_R_SV(DEL00004018);precise_combined_BTA127_S3_R_SV(DEL00004139);precise_combined_BTA132_S8_R_SV(DEL00003855);precise_combined_BTA125_S1_R_SV(DEL00004583)
18:28471991:28472665,8,precise_combined_BTA133_S9_R_SV(DEL00004369);precise_combined_BTA131_S7_R_SV(DEL00004887);precise_combined_BTA126_S2_R_SV(DEL00005146);precise_combined_BTA128_S4_R_SV(DEL00005256);precise_combined_BTA127_S3_R_SV(DEL00004204);precise_combined_BTA130_S6_R_SV(DEL00005159);precise_combined_BTA132_S8_R_SV(DEL00003923);precise_combined_BTA125_S1_R_SV(DEL00004645)
18:29140748:29141216,7,precise_combined_BTA133_S9_R_SV(DEL00004373);precise_combined_BTA131_S7_R_SV(DEL00004895);precise_combined_BTA126_S2_R_SV(DEL00005151);precise_combined_BTA128_S4_R_SV(DEL00005260);precise_combined_BTA127_S3_R_SV(DEL00004207);precise_combined_BTA130_S6_R_SV(DEL00005162);precise_combined_BTA125_S1_R_SV(DEL00004649)
18:59225165:59225166,9,precise_combined_BTA133_S9_R_SV(BND00004451);precise_combined_BTA131_S7_R_SV(BND00005004);precise_combined_BTA126_S2_R_SV(BND00005254);precise_combined_BTA129_S5_R_SV(BND00004168);precise_combined_BTA128_S4_R_SV(BND00005378);precise_combined_BTA127_S3_R_SV(BND00004291);precise_combined_BTA130_S6_R_SV(BND00005281);precise_combined_BTA132_S8_R_SV(BND00004010);precise_combined_BTA125_S1_R_SV(BND00004733)
20:45542183:45542651,8,precise_combined_BTA133_S9_R_SV(DEL00004821);precise_combined_BTA131_S7_R_SV(DEL00005397);precise_combined_BTA126_S2_R_SV(DEL00005601);precise_combined_BTA129_S5_R_SV(DEL00004460);precise_combined_BTA128_S4_R_SV(DEL00005784);precise_combined_BTA127_S3_R_SV(DEL00004604);precise_combined_BTA130_S6_R_SV(DEL00005660);precise_combined_BTA132_S8_R_SV(DEL00004261)
21:673172:673173,9,precise_combined_BTA133_S9_R_SV(BND00004922);precise_combined_BTA131_S7_R_SV(BND00005492);precise_combined_BTA126_S2_R_SV(BND00005723);precise_combined_BTA129_S5_R_SV(BND00004569);precise_combined_BTA128_S4_R_SV(BND00005889);precise_combined_BTA127_S3_R_SV(BND00004702);precise_combined_BTA130_S6_R_SV(BND00005771);precise_combined_BTA132_S8_R_SV(BND00004340);precise_combined_BTA125_S1_R_SV(BND00005155)
21:679297:679324,7,precise_combined_BTA133_S9_R_SV(DEL00004928);precise_combined_BTA131_S7_R_SV(DEL00005499);precise_combined_BTA129_S5_R_SV(DEL00004574);precise_combined_BTA128_S4_R_SV(DEL00005895);precise_combined_BTA127_S3_R_SV(DEL00004709);precise_combined_BTA130_S6_R_SV(DEL00005777);precise_combined_BTA125_S1_R_SV(DEL00005160)
21:33028994:33029032,9,precise_combined_BTA133_S9_R_SV(DEL00005021);precise_combined_BTA131_S7_R_SV(DEL00005606);precise_combined_BTA126_S2_R_SV(DEL00005852);precise_combined_BTA129_S5_R_SV(DEL00004668);precise_combined_BTA128_S4_R_SV(DEL00006021);precise_combined_BTA127_S3_R_SV(DEL00004816);precise_combined_BTA130_S6_R_SV(DEL00005887);precise_combined_BTA132_S8_R_SV(DEL00004418);precise_combined_BTA125_S1_R_SV(DEL00005281)
21:38584168:38584226,7,precise_combined_BTA133_S9_R_SV(DEL00005035);precise_combined_BTA126_S2_R_SV(DEL00005871);precise_combined_BTA129_S5_R_SV(DEL00004686);precise_combined_BTA127_S3_R_SV(DEL00004835);precise_combined_BTA130_S6_R_SV(DEL00005908);precise_combined_BTA132_S8_R_SV(DEL00004433);precise_combined_BTA125_S1_R_SV(DEL00005303)
22:57715216:57715245,7,precise_combined_BTA133_S9_R_SV(DEL00005198);precise_combined_BTA131_S7_R_SV(DEL00005808);precise_combined_BTA126_S2_R_SV(DEL00006058);precise_combined_BTA128_S4_R_SV(DEL00006250);precise_combined_BTA127_S3_R_SV(DEL00004993);precise_combined_BTA130_S6_R_SV(DEL00006084);precise_combined_BTA132_S8_R_SV(DEL00004576)
23:16135:16136,8,precise_combined_BTA133_S9_R_SV(BND00005204);precise_combined_BTA131_S7_R_SV(BND00005815);precise_combined_BTA126_S2_R_SV(BND00006066);precise_combined_BTA129_S5_R_SV(BND00004829);precise_combined_BTA128_S4_R_SV(BND00006256);precise_combined_BTA130_S6_R_SV(BND00006094);precise_combined_BTA132_S8_R_SV(BND00004583);precise_combined_BTA125_S1_R_SV(BND00005468)
23:21208545:21211130,9,precise_combined_BTA133_S9_R_SV(DEL00005248);precise_combined_BTA131_S7_R_SV(DEL00005882);precise_combined_BTA126_S2_R_SV(DEL00006121);precise_combined_BTA129_S5_R_SV(DEL00004890);precise_combined_BTA128_S4_R_SV(DEL00006327);precise_combined_BTA127_S3_R_SV(DEL00005050);precise_combined_BTA130_S6_R_SV(DEL00006155);precise_combined_BTA132_S8_R_SV(DEL00004632);precise_combined_BTA125_S1_R_SV(DEL00005520)
23:41792698:41792724,7,precise_combined_BTA133_S9_R_SV(DEL00005487);precise_combined_BTA126_S2_R_SV(DEL00006383);precise_combined_BTA128_S4_R_SV(DEL00006594);precise_combined_BTA127_S3_R_SV(DEL00005227);precise_combined_BTA130_S6_R_SV(DEL00006417);precise_combined_BTA132_S8_R_SV(DEL00004837);precise_combined_BTA125_S1_R_SV(DEL00005762)
24:4829814:4830352,8,precise_combined_BTA133_S9_R_SV(DEL00005509);precise_combined_BTA131_S7_R_SV(DEL00006181);precise_combined_BTA126_S2_R_SV(DEL00006413);precise_combined_BTA129_S5_R_SV(DEL00005094);precise_combined_BTA128_S4_R_SV(DEL00006622);precise_combined_BTA130_S6_R_SV(DEL00006444);precise_combined_BTA132_S8_R_SV(DEL00004864);precise_combined_BTA125_S1_R_SV(DEL00005789)
26:39028410:39028440,7,precise_combined_BTA133_S9_R_SV(DEL00005840);precise_combined_BTA126_S2_R_SV(DEL00006790);precise_combined_BTA129_S5_R_SV(DEL00005380);precise_combined_BTA128_S4_R_SV(DEL00007027);precise_combined_BTA127_S3_R_SV(DEL00005570);precise_combined_BTA132_S8_R_SV(DEL00005145);precise_combined_BTA125_S1_R_SV(DEL00006126)
27:6219484:6219485,8,precise_combined_BTA133_S9_R_SV(BND00005920);precise_combined_BTA131_S7_R_SV(BND00006654);precise_combined_BTA126_S2_R_SV(BND00006873);precise_combined_BTA129_S5_R_SV(BND00005461);precise_combined_BTA128_S4_R_SV(BND00007114);precise_combined_BTA130_S6_R_SV(BND00006953);precise_combined_BTA132_S8_R_SV(BND00005203);precise_combined_BTA125_S1_R_SV(BND00006200)
28:514276:514965,8,precise_combined_BTA133_S9_R_SV(DEL00006056);precise_combined_BTA131_S7_R_SV(DEL00006790);precise_combined_BTA126_S2_R_SV(DEL00007054);precise_combined_BTA129_S5_R_SV(DEL00005578);precise_combined_BTA128_S4_R_SV(DEL00007281);precise_combined_BTA127_S3_R_SV(DEL00005791);precise_combined_BTA130_S6_R_SV(DEL00007120);precise_combined_BTA132_S8_R_SV(DEL00005325)
28:515247:515783,7,precise_combined_BTA133_S9_R_SV(DEL00006057);precise_combined_BTA126_S2_R_SV(DEL00007055);precise_combined_BTA129_S5_R_SV(DEL00005579);precise_combined_BTA128_S4_R_SV(DEL00007282);precise_combined_BTA127_S3_R_SV(DEL00005792);precise_combined_BTA132_S8_R_SV(DEL00005326);precise_combined_BTA125_S1_R_SV(DEL00006339)
28:515343:515879,9,precise_combined_BTA133_S9_R_SV(DEL00006058);precise_combined_BTA131_S7_R_SV(DEL00006792);precise_combined_BTA126_S2_R_SV(DEL00007056);precise_combined_BTA129_S5_R_SV(DEL00005580);precise_combined_BTA128_S4_R_SV(DEL00007283);precise_combined_BTA127_S3_R_SV(DEL00005793);precise_combined_BTA130_S6_R_SV(DEL00007121);precise_combined_BTA132_S8_R_SV(DEL00005327);precise_combined_BTA125_S1_R_SV(DEL00006340)
28:21629972:21630003,9,precise_combined_BTA133_S9_R_SV(DEL00006135);precise_combined_BTA131_S7_R_SV(DEL00006891);precise_combined_BTA126_S2_R_SV(DEL00007115);precise_combined_BTA129_S5_R_SV(DEL00005645);precise_combined_BTA128_S4_R_SV(DEL00007369);precise_combined_BTA127_S3_R_SV(DEL00005868);precise_combined_BTA130_S6_R_SV(DEL00007198);precise_combined_BTA132_S8_R_SV(DEL00005384);precise_combined_BTA125_S1_R_SV(DEL00006401)
29:27334550:27334602,8,precise_combined_BTA133_S9_R_SV(DEL00006318);precise_combined_BTA131_S7_R_SV(DEL00007065);precise_combined_BTA126_S2_R_SV(DEL00007308);precise_combined_BTA129_S5_R_SV(DEL00005806);precise_combined_BTA128_S4_R_SV(DEL00007552);precise_combined_BTA127_S3_R_SV(DEL00006045);precise_combined_BTA130_S6_R_SV(DEL00007396);precise_combined_BTA125_S1_R_SV(DEL00006588)
29:27547137:27548772,7,precise_combined_BTA133_S9_R_SV(DEL00006319);precise_combined_BTA131_S7_R_SV(DEL00007068);precise_combined_BTA126_S2_R_SV(DEL00007315);precise_combined_BTA129_S5_R_SV(DEL00005808);precise_combined_BTA128_S4_R_SV(DEL00007557);precise_combined_BTA127_S3_R_SV(DEL00006051);precise_combined_BTA130_S6_R_SV(DEL00007398)
X:18689062:18690179,9,precise_combined_BTA133_S9_R_SV(DEL00006418);precise_combined_BTA131_S7_R_SV(DEL00007222);precise_combined_BTA126_S2_R_SV(DEL00007462);precise_combined_BTA129_S5_R_SV(DEL00005917);precise_combined_BTA128_S4_R_SV(DEL00007693);precise_combined_BTA127_S3_R_SV(DEL00006175);precise_combined_BTA130_S6_R_SV(DEL00007561);precise_combined_BTA132_S8_R_SV(DEL00005710);precise_combined_BTA125_S1_R_SV(DEL00006747)
X:26164249:26164250,9,precise_combined_BTA133_S9_R_SV(BND00006435);precise_combined_BTA131_S7_R_SV(BND00007236);precise_combined_BTA126_S2_R_SV(BND00007482);precise_combined_BTA129_S5_R_SV(BND00005933);precise_combined_BTA128_S4_R_SV(BND00007709);precise_combined_BTA127_S3_R_SV(BND00006189);precise_combined_BTA130_S6_R_SV(BND00007576);precise_combined_BTA132_S8_R_SV(BND00005723);precise_combined_BTA125_S1_R_SV(BND00006762)
X:26164251:26164252,19,precise_combined_BTA133_S9_R_SV(BND00006440);precise_combined_BTA133_S9_R_SV(BND00006441);precise_combined_BTA133_S9_R_SV(BND00006442);precise_combined_BTA131_S7_R_SV(BND00007241);precise_combined_BTA131_S7_R_SV(BND00007243);precise_combined_BTA126_S2_R_SV(BND00007485);precise_combined_BTA126_S2_R_SV(BND00007486);precise_combined_BTA126_S2_R_SV(BND00007487);precise_combined_BTA129_S5_R_SV(BND00005937);precise_combined_BTA129_S5_R_SV(BND00005938);precise_combined_BTA128_S4_R_SV(BND00007713);precise_combined_BTA128_S4_R_SV(BND00007714);precise_combined_BTA127_S3_R_SV(BND00006193);precise_combined_BTA127_S3_R_SV(BND00006194);precise_combined_BTA130_S6_R_SV(BND00007580);precise_combined_BTA132_S8_R_SV(BND00005727);precise_combined_BTA132_S8_R_SV(BND00005729);precise_combined_BTA125_S1_R_SV(BND00006766);precise_combined_BTA125_S1_R_SV(BND00006768)
X:35333606:35333730,9,precise_combined_BTA133_S9_R_SV(DEL00006473);precise_combined_BTA131_S7_R_SV(DEL00007286);precise_combined_BTA126_S2_R_SV(DEL00007538);precise_combined_BTA129_S5_R_SV(DEL00005969);precise_combined_BTA128_S4_R_SV(DEL00007756);precise_combined_BTA127_S3_R_SV(DEL00006217);precise_combined_BTA130_S6_R_SV(DEL00007617);precise_combined_BTA132_S8_R_SV(DEL00005754);precise_combined_BTA125_S1_R_SV(DEL00006810)
X:84658777:84658822,9,precise_combined_BTA133_S9_R_SV(DEL00006537);precise_combined_BTA131_S7_R_SV(DEL00007365);precise_combined_BTA126_S2_R_SV(DEL00007614);precise_combined_BTA129_S5_R_SV(DEL00006028);precise_combined_BTA128_S4_R_SV(DEL00007823);precise_combined_BTA127_S3_R_SV(DEL00006266);precise_combined_BTA130_S6_R_SV(DEL00007693);precise_combined_BTA132_S8_R_SV(DEL00005804);precise_combined_BTA125_S1_R_SV(DEL00006879)
Y:4303136:4303137,7,precise_combined_BTA133_S9_R_SV(INS00006620);precise_combined_BTA131_S7_R_SV(INS00007461);precise_combined_BTA126_S2_R_SV(INS00007744);precise_combined_BTA128_S4_R_SV(INS00007957);precise_combined_BTA127_S3_R_SV(INS00006363);precise_combined_BTA132_S8_R_SV(INS00005888);precise_combined_BTA125_S1_R_SV(INS00007000)
Y:4986637:4987223,9,precise_combined_BTA133_S9_R_SV(DEL00006645);precise_combined_BTA131_S7_R_SV(DEL00007482);precise_combined_BTA126_S2_R_SV(DEL00007769);precise_combined_BTA129_S5_R_SV(DEL00006133);precise_combined_BTA128_S4_R_SV(DEL00007980);precise_combined_BTA127_S3_R_SV(DEL00006386);precise_combined_BTA130_S6_R_SV(DEL00007828);precise_combined_BTA132_S8_R_SV(DEL00005910);precise_combined_BTA125_S1_R_SV(DEL00007028)
NKLS02000077.1:10523:10524,8,precise_combined_BTA133_S9_R_SV(BND00006696);precise_combined_BTA131_S7_R_SV(BND00007529);precise_combined_BTA129_S5_R_SV(BND00006183);precise_combined_BTA128_S4_R_SV(BND00008033);precise_combined_BTA128_S4_R_SV(BND00008034);precise_combined_BTA130_S6_R_SV(BND00007884);precise_combined_BTA132_S8_R_SV(BND00005953);precise_combined_BTA125_S1_R_SV(BND00007077)
NKLS02000199.1:543:2062,9,precise_combined_BTA133_S9_R_SV(INV00006739);precise_combined_BTA131_S7_R_SV(INV00007570);precise_combined_BTA126_S2_R_SV(INV00007862);precise_combined_BTA129_S5_R_SV(INV00006211);precise_combined_BTA128_S4_R_SV(INV00008069);precise_combined_BTA127_S3_R_SV(INV00006468);precise_combined_BTA130_S6_R_SV(INV00007916);precise_combined_BTA132_S8_R_SV(INV00005985);precise_combined_BTA125_S1_R_SV(INV00007107)
NKLS02000510.1:48520:48547,8,precise_combined_BTA133_S9_R_SV(DEL00006840);precise_combined_BTA131_S7_R_SV(DEL00007661);precise_combined_BTA126_S2_R_SV(DEL00007958);precise_combined_BTA129_S5_R_SV(DEL00006278);precise_combined_BTA128_S4_R_SV(DEL00008164);precise_combined_BTA130_S6_R_SV(DEL00008013);precise_combined_BTA132_S8_R_SV(DEL00006068);precise_combined_BTA125_S1_R_SV(DEL00007209)
NKLS02000529.1:154831:154832,7,precise_combined_BTA133_S9_R_SV(INS00006846);precise_combined_BTA126_S2_R_SV(INS00007964);precise_combined_BTA129_S5_R_SV(INS00006281);precise_combined_BTA127_S3_R_SV(INS00006557);precise_combined_BTA130_S6_R_SV(INS00008017);precise_combined_BTA132_S8_R_SV(INS00006069);precise_combined_BTA125_S1_R_SV(INS00007214)
NKLS02000723.1:11442:13098,7,precise_combined_BTA133_S9_R_SV(DEL00006875);precise_combined_BTA131_S7_R_SV(DEL00007697);precise_combined_BTA126_S2_R_SV(DEL00008010);precise_combined_BTA129_S5_R_SV(DEL00006319);precise_combined_BTA128_S4_R_SV(DEL00008200);precise_combined_BTA130_S6_R_SV(DEL00008051);precise_combined_BTA125_S1_R_SV(DEL00007248)
NKLS02000995.1:26490:26621,7,precise_combined_BTA133_S9_R_SV(DEL00006942);precise_combined_BTA126_S2_R_SV(DEL00008085);precise_combined_BTA129_S5_R_SV(DEL00006395);precise_combined_BTA128_S4_R_SV(DEL00008304);precise_combined_BTA127_S3_R_SV(DEL00006659);precise_combined_BTA130_S6_R_SV(DEL00008169);precise_combined_BTA125_S1_R_SV(DEL00007328)
NKLS02001178.1:35027:35056,7,precise_combined_BTA133_S9_R_SV(DEL00007001);precise_combined_BTA131_S7_R_SV(DEL00007851);precise_combined_BTA126_S2_R_SV(DEL00008135);precise_combined_BTA129_S5_R_SV(DEL00006452);precise_combined_BTA128_S4_R_SV(DEL00008368);precise_combined_BTA127_S3_R_SV(DEL00006730);precise_combined_BTA130_S6_R_SV(DEL00008271)
NKLS02001289.1:27195:27338,9,precise_combined_BTA133_S9_R_SV(DEL00007099);precise_combined_BTA131_S7_R_SV(DEL00007937);precise_combined_BTA126_S2_R_SV(DEL00008219);precise_combined_BTA129_S5_R_SV(DEL00006524);precise_combined_BTA128_S4_R_SV(DEL00008453);precise_combined_BTA127_S3_R_SV(DEL00006802);precise_combined_BTA130_S6_R_SV(DEL00008358);precise_combined_BTA132_S8_R_SV(DEL00006280);precise_combined_BTA125_S1_R_SV(DEL00007470)
NKLS02001289.1:53365:53366,9,precise_combined_BTA133_S9_R_SV(BND00007108);precise_combined_BTA131_S7_R_SV(BND00007944);precise_combined_BTA126_S2_R_SV(BND00008223);precise_combined_BTA129_S5_R_SV(BND00006532);precise_combined_BTA128_S4_R_SV(BND00008460);precise_combined_BTA127_S3_R_SV(BND00006806);precise_combined_BTA130_S6_R_SV(BND00008366);precise_combined_BTA132_S8_R_SV(BND00006285);precise_combined_BTA125_S1_R_SV(BND00007480)
NKLS02001379.1:1281:1282,9,precise_combined_BTA133_S9_R_SV(INS00007138);precise_combined_BTA131_S7_R_SV(INS00007973);precise_combined_BTA126_S2_R_SV(INS00008257);precise_combined_BTA129_S5_R_SV(INS00006566);precise_combined_BTA128_S4_R_SV(INS00008496);precise_combined_BTA127_S3_R_SV(INS00006839);precise_combined_BTA130_S6_R_SV(INS00008402);precise_combined_BTA132_S8_R_SV(INS00006314);precise_combined_BTA125_S1_R_SV(INS00007514)
NKLS02001383.1:27641:27668,9,precise_combined_BTA133_S9_R_SV(DEL00007144);precise_combined_BTA131_S7_R_SV(DEL00007980);precise_combined_BTA126_S2_R_SV(DEL00008263);precise_combined_BTA129_S5_R_SV(DEL00006572);precise_combined_BTA128_S4_R_SV(DEL00008503);precise_combined_BTA127_S3_R_SV(DEL00006845);precise_combined_BTA130_S6_R_SV(DEL00008409);precise_combined_BTA132_S8_R_SV(DEL00006320);precise_combined_BTA125_S1_R_SV(DEL00007521)
NKLS02001383.1:46839:49511,9,precise_combined_BTA133_S9_R_SV(DEL00007152);precise_combined_BTA131_S7_R_SV(DEL00007987);precise_combined_BTA126_S2_R_SV(DEL00008272);precise_combined_BTA129_S5_R_SV(DEL00006580);precise_combined_BTA128_S4_R_SV(DEL00008511);precise_combined_BTA127_S3_R_SV(DEL00006853);precise_combined_BTA130_S6_R_SV(DEL00008417);precise_combined_BTA132_S8_R_SV(DEL00006330);precise_combined_BTA125_S1_R_SV(DEL00007528)
NKLS02002005.1:65848:65892,7,precise_combined_BTA133_S9_R_SV(DEL00007295);precise_combined_BTA131_S7_R_SV(DEL00008190);precise_combined_BTA126_S2_R_SV(DEL00008416);precise_combined_BTA129_S5_R_SV(DEL00006718);precise_combined_BTA128_S4_R_SV(DEL00008696);precise_combined_BTA127_S3_R_SV(DEL00006995);precise_combined_BTA125_S1_R_SV(DEL00007693)
NKLS02002005.1:104869:104870,9,precise_combined_BTA133_S9_R_SV(BND00007302);precise_combined_BTA131_S7_R_SV(BND00008198);precise_combined_BTA126_S2_R_SV(BND00008425);precise_combined_BTA129_S5_R_SV(BND00006723);precise_combined_BTA128_S4_R_SV(BND00008699);precise_combined_BTA127_S3_R_SV(BND00007000);precise_combined_BTA130_S6_R_SV(BND00008636);precise_combined_BTA132_S8_R_SV(BND00006452);precise_combined_BTA125_S1_R_SV(BND00007698)
NKLS02002108.1:26733:26734,9,precise_combined_BTA133_S9_R_SV(BND00007329);precise_combined_BTA131_S7_R_SV(BND00008228);precise_combined_BTA126_S2_R_SV(BND00008453);precise_combined_BTA129_S5_R_SV(BND00006751);precise_combined_BTA128_S4_R_SV(BND00008726);precise_combined_BTA127_S3_R_SV(BND00007030);precise_combined_BTA130_S6_R_SV(BND00008666);precise_combined_BTA132_S8_R_SV(BND00006478);precise_combined_BTA125_S1_R_SV(BND00007726)
NKLS02002208.1:7801573:7801574,9,precise_combined_BTA133_S9_R_SV(BND00007435);precise_combined_BTA131_S7_R_SV(BND00008335);precise_combined_BTA126_S2_R_SV(BND00008586);precise_combined_BTA129_S5_R_SV(BND00006866);precise_combined_BTA128_S4_R_SV(BND00008853);precise_combined_BTA127_S3_R_SV(BND00007145);precise_combined_BTA130_S6_R_SV(BND00008784);precise_combined_BTA132_S8_R_SV(BND00006582);precise_combined_BTA125_S1_R_SV(BND00007854)
NKLS02002210.1:882742:882968,9,precise_combined_BTA133_S9_R_SV(DEL00007443);precise_combined_BTA131_S7_R_SV(DEL00008342);precise_combined_BTA126_S2_R_SV(DEL00008596);precise_combined_BTA129_S5_R_SV(DEL00006876);precise_combined_BTA128_S4_R_SV(DEL00008865);precise_combined_BTA127_S3_R_SV(DEL00007155);precise_combined_BTA130_S6_R_SV(DEL00008798);precise_combined_BTA132_S8_R_SV(DEL00006590);precise_combined_BTA125_S1_R_SV(DEL00007864)
1:65849722:65849823,7,precise_combined_BTA131_S7_R_SV(DEL00000188);precise_combined_BTA126_S2_R_SV(DEL00000183);precise_combined_BTA129_S5_R_SV(DEL00000140);precise_combined_BTA128_S4_R_SV(DEL00000194);precise_combined_BTA127_S3_R_SV(DEL00000168);precise_combined_BTA132_S8_R_SV(DEL00000159);precise_combined_BTA125_S1_R_SV(DEL00000166)
7:10966552:10966840,7,precise_combined_BTA131_S7_R_SV(DEL00001926);precise_combined_BTA126_S2_R_SV(DEL00002131);precise_combined_BTA129_S5_R_SV(DEL00001598);precise_combined_BTA128_S4_R_SV(DEL00002104);precise_combined_BTA127_S3_R_SV(DEL00001715);precise_combined_BTA130_S6_R_SV(DEL00002165);precise_combined_BTA125_S1_R_SV(DEL00001956)
10:74534227:74534538,8,precise_combined_BTA131_S7_R_SV(DEL00003028);precise_combined_BTA126_S2_R_SV(DEL00003231);precise_combined_BTA129_S5_R_SV(DEL00002525);precise_combined_BTA128_S4_R_SV(DEL00003299);precise_combined_BTA127_S3_R_SV(DEL00002617);precise_combined_BTA130_S6_R_SV(DEL00003272);precise_combined_BTA132_S8_R_SV(DEL00002418);precise_combined_BTA125_S1_R_SV(DEL00002916)
11:3515953:3516021,8,precise_combined_BTA131_S7_R_SV(DEL00003108);precise_combined_BTA126_S2_R_SV(DEL00003303);precise_combined_BTA129_S5_R_SV(DEL00002585);precise_combined_BTA128_S4_R_SV(DEL00003388);precise_combined_BTA127_S3_R_SV(DEL00002681);precise_combined_BTA130_S6_R_SV(DEL00003349);precise_combined_BTA132_S8_R_SV(DEL00002471);precise_combined_BTA125_S1_R_SV(DEL00002975)
12:58267423:58267474,8,precise_combined_BTA131_S7_R_SV(DEL00003515);precise_combined_BTA126_S2_R_SV(DEL00003727);precise_combined_BTA129_S5_R_SV(DEL00002900);precise_combined_BTA128_S4_R_SV(DEL00003801);precise_combined_BTA127_S3_R_SV(DEL00003008);precise_combined_BTA130_S6_R_SV(DEL00003780);precise_combined_BTA132_S8_R_SV(DEL00002814);precise_combined_BTA125_S1_R_SV(DEL00003338)
13:52083761:52083841,7,precise_combined_BTA131_S7_R_SV(DEL00003769);precise_combined_BTA126_S2_R_SV(DEL00003989);precise_combined_BTA128_S4_R_SV(DEL00004073);precise_combined_BTA127_S3_R_SV(DEL00003243);precise_combined_BTA130_S6_R_SV(DEL00004043);precise_combined_BTA132_S8_R_SV(DEL00003030);precise_combined_BTA125_S1_R_SV(DEL00003599)
18:33295172:33298356,7,precise_combined_BTA131_S7_R_SV(DEL00004900);precise_combined_BTA126_S2_R_SV(DEL00005164);precise_combined_BTA129_S5_R_SV(DEL00004098);precise_combined_BTA127_S3_R_SV(DEL00004217);precise_combined_BTA130_S6_R_SV(DEL00005174);precise_combined_BTA132_S8_R_SV(DEL00003935);precise_combined_BTA125_S1_R_SV(DEL00004660)
28:481116:521345,7,precise_combined_BTA131_S7_R_SV(INV00006770);precise_combined_BTA126_S2_R_SV(INV00007040);precise_combined_BTA128_S4_R_SV(INV00007261);precise_combined_BTA127_S3_R_SV(INV00005772);precise_combined_BTA130_S6_R_SV(INV00007099);precise_combined_BTA132_S8_R_SV(INV00005312);precise_combined_BTA125_S1_R_SV(INV00006318)
Y:5064669:5065925,7,precise_combined_BTA131_S7_R_SV(DEL00007503);precise_combined_BTA126_S2_R_SV(DEL00007791);precise_combined_BTA129_S5_R_SV(DEL00006152);precise_combined_BTA128_S4_R_SV(DEL00008004);precise_combined_BTA127_S3_R_SV(DEL00006409);precise_combined_BTA130_S6_R_SV(DEL00007849);precise_combined_BTA125_S1_R_SV(DEL00007048)
NKLS02002210.1:386571:387092,8,precise_combined_BTA131_S7_R_SV(DEL00008340);precise_combined_BTA126_S2_R_SV(DEL00008594);precise_combined_BTA129_S5_R_SV(DEL00006873);precise_combined_BTA128_S4_R_SV(DEL00008861);precise_combined_BTA127_S3_R_SV(DEL00007150);precise_combined_BTA130_S6_R_SV(DEL00008793);precise_combined_BTA132_S8_R_SV(DEL00006587);precise_combined_BTA125_S1_R_SV(DEL00007861)
7:26504670:26504799,7,precise_combined_BTA126_S2_R_SV(DEL00002176);precise_combined_BTA129_S5_R_SV(DEL00001641);precise_combined_BTA128_S4_R_SV(DEL00002158);precise_combined_BTA127_S3_R_SV(DEL00001760);precise_combined_BTA130_S6_R_SV(DEL00002217);precise_combined_BTA132_S8_R_SV(DEL00001567);precise_combined_BTA125_S1_R_SV(DEL00001993)
9:16529893:16530709,7,precise_combined_BTA126_S2_R_SV(DEL00002655);precise_combined_BTA129_S5_R_SV(DEL00002079);precise_combined_BTA128_S4_R_SV(DEL00002714);precise_combined_BTA127_S3_R_SV(DEL00002157);precise_combined_BTA130_S6_R_SV(DEL00002746);precise_combined_BTA132_S8_R_SV(DEL00001961);precise_combined_BTA125_S1_R_SV(DEL00002433)
10:29581884:29581959,7,precise_combined_BTA126_S2_R_SV(DEL00003139);precise_combined_BTA129_S5_R_SV(DEL00002442);precise_combined_BTA128_S4_R_SV(DEL00003179);precise_combined_BTA127_S3_R_SV(DEL00002531);precise_combined_BTA130_S6_R_SV(DEL00003168);precise_combined_BTA132_S8_R_SV(DEL00002341);precise_combined_BTA125_S1_R_SV(DEL00002827)
